trans_dt,daily_sales_total,avg_daily_sale_trailing_7d,running_total_sales
2020-01-01,77864.55,77864.55,77864.55
2020-01-02,70583.74,74224.15,148448.29
2020-01-03,92697.09,80381.79,241145.38
2020-01-04,89069.60,82553.75,330214.98
2020-01-05,80645.91,82172.18,410860.89
2020-01-06,84995.05,82642.66,495855.94
2020-01-07,93142.00,84142.56,588997.94
2020-01-08,92535.56,86238.42,681533.50
2020-01-09,95924.05,89858.47,777457.55
2020-01-10,86517.08,88975.61,863974.63
2020-01-11,86498.71,88608.34,950473.34
2020-01-12,93837.54,90492.86,1044310.88
2020-01-13,95875.75,92047.24,1140186.63
2020-01-14,102763.00,93421.67,1242949.63
2020-01-15,88628.74,92863.55,1331578.37
2020-01-16,99055.41,93310.89,1430633.78
2020-01-17,101358.30,95431.06,1531992.08
2020-01-18,81969.81,94784.08,1613961.89
2020-01-19,102577.40,96032.63,1716539.29
2020-01-20,96038.11,96055.82,1812577.40
2020-01-21,99547.78,95596.51,1912125.18
2020-01-22,107636.53,98311.91,2019761.71
2020-01-23,107642.35,99538.61,2127404.06
2020-01-24,101140.80,99507.54,2228544.86
2020-01-25,109970.99,103507.71,2338515.85
2020-01-26,99243.96,103031.50,2437759.81
2020-01-27,108516.49,104814.13,2546276.30
2020-01-28,94013.97,104023.58,2640290.27
2020-01-29,92897.63,101918.03,2733187.90
2020-01-30,105155.09,101562.70,2838342.99
2020-01-31,92239.60,100291.10,2930582.59
2020-02-01,104993.43,99580.02,3035576.02
2020-02-02,98874.68,99527.27,3134450.70
2020-02-03,96641.29,97830.81,3231091.99
2020-02-04,112118.10,100417.12,3343210.09
2020-02-05,106975.46,102428.24,3450185.55
2020-02-06,102360.62,102029.03,3552546.17
2020-02-07,115899.46,105409.01,3668445.63
2020-02-08,117313.01,107168.95,3785758.64
2020-02-09,104305.17,107944.73,3890063.81
2020-02-10,98665.57,108233.91,3988729.38
2020-02-11,109847.36,107909.52,4098576.74
2020-02-12,110840.06,108461.61,4209416.80
2020-02-13,108901.59,109396.03,4318318.39
2020-02-14,114386.11,109179.84,4432704.50
2020-02-15,117850.12,109256.57,4550554.62
2020-02-16,117245.00,111105.12,4667799.62
2020-02-17,125285.47,114907.96,4793085.09
2020-02-18,102333.44,113834.54,4895418.53
2020-02-19,119529.32,115075.86,5014947.85
2020-02-20,113398.47,115718.28,5128346.32
2020-02-21,118367.66,116287.07,5246713.98
2020-02-22,98543.77,113529.02,5345257.75
2020-02-23,112132.16,112798.61,5457389.91
2020-02-24,119077.27,111911.73,5576467.18
2020-02-25,115782.43,113833.01,5692249.61
2020-02-26,124438.35,114534.30,5816687.96
2020-02-27,119244.57,115369.46,5935932.53
2020-02-28,144973.38,119170.28,6080905.91
2020-02-29,130506.32,123736.35,6211412.23
2020-03-01,135728.24,127107.22,6347140.47
2020-03-02,130949.70,128803.28,6478090.17
2020-03-03,129335.46,130739.43,6607425.63
2020-03-04,128534.49,131324.59,6735960.12
2020-03-05,113320.86,130478.35,6849280.98
2020-03-06,116107.08,126354.59,6965388.06
2020-03-07,122688.36,125237.74,7088076.42
2020-03-08,129695.49,124375.92,7217771.91
2020-03-09,125286.83,123566.94,7343058.74
2020-03-10,127464.02,123299.59,7470522.76
2020-03-11,127586.84,123164.21,7598109.60
2020-03-12,118952.90,123968.79,7717062.50
2020-03-13,125310.04,125283.50,7842372.54
2020-03-14,136855.84,127307.42,7979228.38
2020-03-15,129879.17,127333.66,8109107.55
2020-03-16,140521.61,129510.06,8249629.16
2020-03-17,128866.29,129710.38,8378495.45
2020-03-18,126706.78,129584.66,8505202.23
2020-03-19,129903.47,131149.03,8635105.70
2020-03-20,111103.48,129119.52,8746209.18
2020-03-21,134250.46,128747.32,8880459.64
2020-03-22,118206.14,127079.75,8998665.78
2020-03-23,134610.44,126235.29,9133276.22
2020-03-24,128922.74,126243.36,9262198.96
2020-03-25,142745.44,128534.60,9404944.40
2020-03-26,137091.26,129561.42,9542035.66
2020-03-27,126501.93,131761.20,9668537.59
2020-03-28,149834.54,133987.50,9818372.13
2020-03-29,130958.14,135809.21,9949330.27
2020-03-30,134959.38,135859.06,10084289.65
2020-03-31,150277.75,138909.78,10234567.40
2020-04-01,143179.44,138971.78,10377746.84
2020-04-02,141905.21,139659.48,10519652.05
2020-04-03,135258.96,140910.49,10654911.01
2020-04-04,134455.78,138713.52,10789366.79
2020-04-05,128214.87,138321.63,10917581.66
2020-04-06,149280.10,140367.44,11066861.76
2020-04-07,140055.39,138907.11,11206917.15
2020-04-08,137751.42,138131.68,11344668.57
2020-04-09,145114.46,138590.14,11489783.03
2020-04-10,165682.18,142936.31,11655465.21
2020-04-11,153949.70,145721.16,11809414.91
2020-04-12,134662.48,146642.25,11944077.39
2020-04-13,144368.98,145940.66,12088446.37
2020-04-14,154045.13,147939.19,12242491.50
2020-04-15,125502.18,146189.30,12367993.68
2020-04-16,145572.94,146254.80,12513566.62
2020-04-17,145337.84,143348.46,12658904.46
2020-04-18,149347.87,142691.06,12808252.33
2020-04-19,162048.13,146603.30,12970300.46
2020-04-20,165869.96,149674.86,13136170.42
2020-04-21,140927.98,147800.99,13277098.40
2020-04-22,153835.30,151848.57,13430933.70
2020-04-23,146857.57,152032.09,13577791.27
2020-04-24,146965.21,152264.57,13724756.48
2020-04-25,149559.50,152294.81,13874315.98
2020-04-26,156275.97,151470.21,14030591.95
2020-04-27,137014.11,147347.95,14167606.06
2020-04-28,160465.12,150138.97,14328071.18
2020-04-29,161652.29,151255.68,14489723.47
2020-04-30,159792.67,153103.55,14649516.14
2020-05-01,128520.16,150468.55,14778036.30
2020-05-02,171905.56,153660.84,14949941.86
2020-05-03,153931.39,153325.90,15103873.25
2020-05-04,170475.31,158106.07,15274348.56
2020-05-05,167864.88,159163.18,15442213.44
2020-05-06,157983.47,158639.06,15600196.91
2020-05-07,172576.46,160465.32,15772773.37
2020-05-08,158152.20,164698.47,15930925.57
2020-05-09,174836.37,165117.15,16105761.94
2020-05-10,159879.83,165966.93,16265641.77
2020-05-11,177942.06,167033.61,16443583.83
2020-05-12,184371.91,169391.76,16627955.74
2020-05-13,159896.04,169664.98,16787851.78
2020-05-14,164772.69,168550.16,16952624.47
2020-05-15,169373.90,170153.26,17121998.37
2020-05-16,172372.26,169801.24,17294370.63
2020-05-17,195248.01,174853.84,17489618.64
2020-05-18,157762.92,171971.10,17647381.56
2020-05-19,140121.68,165649.64,17787503.24
2020-05-20,171390.92,167291.77,17958894.16
2020-05-21,174258.78,168646.92,18133152.94
2020-05-22,183919.44,170724.86,18317072.38
2020-05-23,173135.79,170833.93,18490208.17
2020-05-24,175821.11,168058.66,18666029.28
2020-05-25,176480.24,170732.57,18842509.52
2020-05-26,175244.76,175750.15,19017754.28
2020-05-27,193103.47,178851.94,19210857.75
2020-05-28,188741.97,180920.97,19399599.72
2020-05-29,173478.57,179429.42,19573078.29
2020-05-30,195548.88,182631.29,19768627.17
2020-05-31,172689.87,182183.97,19941317.04
2020-06-01,160975.98,179969.07,20102293.02
2020-06-02,161417.64,177993.77,20263710.66
2020-06-03,162470.43,173617.62,20426181.09
2020-06-04,186074.76,173236.59,20612255.85
2020-06-05,179747.81,174132.20,20792003.66
2020-06-06,171444.52,170688.72,20963448.18
2020-06-07,173496.17,170803.90,21136944.35
2020-06-08,190267.23,174988.37,21327211.58
2020-06-09,193008.67,179501.37,21520220.25
2020-06-10,166921.79,180137.28,21687142.04
2020-06-11,169876.46,177823.24,21857018.50
2020-06-12,163373.09,175483.99,22020391.59
2020-06-13,177194.18,176305.37,22197585.77
2020-06-14,177442.67,176869.16,22375028.44
2020-06-15,187877.94,176527.83,22562906.38
2020-06-16,187722.29,175772.63,22750628.67
2020-06-17,195283.65,179824.33,22945912.32
2020-06-18,168254.10,179592.56,23114166.42
2020-06-19,216024.54,187114.20,23330190.96
2020-06-20,185849.40,188350.66,23516040.36
2020-06-21,195809.59,190974.50,23711849.95
2020-06-22,194851.88,191970.78,23906701.83
2020-06-23,205626.09,194528.46,24112327.92
2020-06-24,193521.74,194276.76,24305849.66
2020-06-25,172121.69,194829.28,24477971.35
2020-06-26,192647.30,191489.67,24670618.65
2020-06-27,182789.76,191052.58,24853408.41
2020-06-28,201835.12,191913.37,25055243.53
2020-06-29,184446.28,190426.85,25239689.81
2020-06-30,209572.40,190990.61,25449262.21
2020-07-01,198864.61,191753.88,25648126.82
2020-07-02,190817.36,194424.69,25838944.18
2020-07-03,219527.69,198264.75,26058471.87
2020-07-04,204618.79,201383.18,26263090.66
2020-07-05,215629.43,203353.79,26478720.09
2020-07-06,193109.35,204591.38,26671829.44
2020-07-07,184390.84,200994.01,26856220.28
2020-07-08,213661.25,203107.82,27069881.53
2020-07-09,199590.67,204361.15,27269472.20
2020-07-10,201958.38,201851.24,27471430.58
2020-07-11,215201.80,203363.10,27686632.38
2020-07-12,201416.07,201332.62,27888048.45
2020-07-13,186034.28,200321.90,28074082.73
2020-07-14,197798.39,202237.26,28271881.12
2020-07-15,201483.37,200497.57,28473364.49
2020-07-16,202089.63,200854.56,28675454.12
2020-07-17,223796.63,203974.31,28899250.75
2020-07-18,217924.39,204363.25,29117175.14
2020-07-19,204533.68,204808.62,29321708.82
2020-07-20,206581.53,207743.95,29528290.35
2020-07-21,202073.23,208354.64,29730363.58
2020-07-22,198345.47,207906.37,29928709.05
2020-07-23,209220.98,208925.13,30137930.03
2020-07-24,218516.16,208170.78,30356446.19
2020-07-25,218919.76,208312.97,30575365.95
2020-07-26,191369.93,206432.44,30766735.88
2020-07-27,199076.36,205360.27,30965812.24
2020-07-28,203173.48,205517.45,31168985.72
2020-07-29,196773.73,205292.91,31365759.45
2020-07-30,224822.26,207521.67,31590581.71
2020-07-31,230753.38,209269.84,31821335.09
2020-08-01,203150.31,207017.06,32024485.40
2020-08-02,214789.80,210362.76,32239275.20
2020-08-03,213037.61,212357.22,32452312.81
2020-08-04,190731.18,210579.75,32643043.99
2020-08-05,210913.46,212599.71,32853957.45
2020-08-06,210976.34,210621.73,33064933.79
2020-08-07,222711.71,209472.92,33287645.50
2020-08-08,218744.38,211700.64,33506389.88
2020-08-09,227791.65,213558.05,33734181.53
2020-08-10,218538.39,214343.87,33952719.92
2020-08-11,227226.87,219557.54,34179946.79
2020-08-12,223254.56,221320.56,34403201.35
2020-08-13,208532.85,220971.49,34611734.20
2020-08-14,240821.19,223558.56,34852555.39
2020-08-15,214531.90,222956.77,35067087.29
2020-08-16,207261.50,220023.89,35274348.79
2020-08-17,223906.12,220790.71,35498254.91
2020-08-18,213777.74,218869.41,35712032.65
2020-08-19,224758.78,219084.30,35936791.43
2020-08-20,237334.64,223198.84,36174126.07
2020-08-21,224763.77,220904.92,36398889.84
2020-08-22,231182.70,223283.61,36630072.54
2020-08-23,232986.17,226958.56,36863058.71
2020-08-24,242119.29,229560.44,37105178.00
2020-08-25,219826.24,230424.51,37325004.24
2020-08-26,219342.53,229650.76,37544346.77
2020-08-27,222699.91,227560.09,37767046.68
2020-08-28,245956.79,230587.66,38013003.47
2020-08-29,234495.08,231060.86,38247498.55
2020-08-30,228495.34,230419.31,38475993.89
2020-08-31,244846.98,230808.98,38720840.87
2020-09-01,242244.40,234011.58,38963085.27
2020-09-02,247468.34,238029.55,39210553.61
2020-09-03,242747.10,240893.43,39453300.71
2020-09-04,227547.69,238263.56,39680848.40
2020-09-05,240022.41,239053.18,39920870.81
2020-09-06,234930.80,239972.53,40155801.61
2020-09-07,213939.74,235557.21,40369741.35
2020-09-08,232549.69,234172.25,40602291.04
2020-09-09,270972.36,237529.97,40873263.40
2020-09-10,236495.32,236636.86,41109758.72
2020-09-11,218676.37,235369.53,41328435.09
2020-09-12,234232.35,234542.38,41562667.44
2020-09-13,248794.22,236522.86,41811461.66
2020-09-14,227320.11,238434.35,42038781.77
2020-09-15,218987.96,236496.96,42257769.73
2020-09-16,243664.84,232595.88,42501434.57
2020-09-17,251240.24,234702.30,42752674.81
2020-09-18,237975.45,237459.31,42990650.26
2020-09-19,229155.92,236734.11,43219806.18
2020-09-20,238198.28,235220.40,43458004.46
2020-09-21,235801.42,236432.02,43693805.88
2020-09-22,247856.46,240556.09,43941662.34
2020-09-23,227973.19,238314.42,44169635.53
2020-09-24,247491.17,237778.84,44417126.70
2020-09-25,232289.84,236966.61,44649416.54
2020-09-26,278715.47,244046.55,44928132.01
2020-09-27,256327.71,246636.47,45184459.72
2020-09-28,275972.55,252375.20,45460432.27
2020-09-29,251183.13,252850.44,45711615.40
2020-09-30,260923.67,257557.65,45972539.07
2020-10-01,260625.09,259433.92,46233164.16
2020-10-02,262228.00,263710.80,46495392.16
2020-10-03,248485.39,259392.22,46743877.55
2020-10-04,253541.12,258994.14,46997418.67
2020-10-05,253142.54,255732.71,47250561.21
2020-10-06,239804.87,254107.24,47490366.08
2020-10-07,248015.21,252263.17,47738381.29
2020-10-08,248507.03,250532.02,47986888.32
2020-10-09,238089.43,247083.66,48224977.75
2020-10-10,242852.44,246278.95,48467830.19
2020-10-11,264125.50,247791.00,48731955.69
2020-10-12,238859.63,245750.59,48970815.32
2020-10-13,238611.40,245580.09,49209426.72
2020-10-14,247782.36,245546.83,49457209.08
2020-10-15,248730.83,245578.80,49705939.91
2020-10-16,264615.59,249368.25,49970555.50
2020-10-17,251029.01,250536.33,50221584.51
2020-10-18,256436.31,249437.88,50478020.82
2020-10-19,275451.84,254665.33,50753472.66
2020-10-20,239229.65,254753.66,50992702.31
2020-10-21,268992.31,257783.65,51261694.62
2020-10-22,257331.79,259012.36,51519026.41
2020-10-23,281309.47,261397.20,51800335.88
2020-10-24,272112.70,264409.15,52072448.58
2020-10-25,269291.31,266245.58,52341739.89
2020-10-26,285676.95,267706.31,52627416.84
2020-10-27,268330.64,271863.60,52895747.48
2020-10-28,281442.21,273642.15,53177189.69
2020-10-29,236733.93,270699.60,53413923.62
2020-10-30,251818.66,266486.63,53665742.28
2020-10-31,249210.34,263214.86,53914952.62
2020-11-01,269306.67,263217.06,54184259.29
2020-11-02,293597.51,264348.57,54477856.80
2020-11-03,270317.53,264632.41,54748174.33
2020-11-04,268176.77,262737.34,55016351.10
2020-11-05,269751.65,267454.16,55286102.75
2020-11-06,273946.04,270615.22,55560048.79
2020-11-07,280730.67,275118.12,55840779.46
2020-11-08,270513.12,275290.47,56111292.58
2020-11-09,272656.19,272298.85,56383948.77
2020-11-10,253142.51,269845.28,56637091.28
2020-11-11,280947.93,271669.73,56918039.21
2020-11-12,288835.99,274396.06,57206875.20
2020-11-13,275424.46,274607.27,57482299.66
2020-11-14,265108.28,272375.50,57747407.94
2020-11-15,297956.33,276295.96,58045364.27
2020-11-16,256246.10,273951.66,58301610.37
2020-11-17,290605.94,279303.58,58592216.31
2020-11-18,283457.58,279662.10,58875673.89
2020-11-19,280095.65,278413.48,59155769.54
2020-11-20,278868.33,278905.46,59434637.87
2020-11-21,283527.98,281536.84,59718165.85
2020-11-22,299522.22,281760.54,60017688.07
2020-11-23,250900.22,280996.85,60268588.29
2020-11-24,285828.34,280314.33,60554416.63
2020-11-25,299136.16,282554.13,60853552.79
2020-11-26,262902.25,280097.93,61116455.04
2020-11-27,273749.01,279366.60,61390204.05
2020-11-28,311036.80,283296.43,61701240.85
2020-11-29,287055.64,281515.49,61988296.49
2020-11-30,278862.95,285510.16,62267159.44
2020-12-01,282173.98,284988.11,62549333.42
2020-12-02,280804.19,282369.26,62830137.61
2020-12-03,280116.44,284828.43,63110254.05
2020-12-04,289507.82,287079.69,63399761.87
2020-12-05,284183.19,283243.46,63683945.06
2020-12-06,295459.15,284443.96,63979404.21
2020-12-07,281177.18,284774.56,64260581.39
2020-12-08,284428.60,285096.65,64545009.99
2020-12-09,288836.49,286244.12,64833846.48
2020-12-10,275257.08,285549.93,65109103.56
2020-12-11,287662.27,285286.28,65396765.83
2020-12-12,280797.85,284802.66,65677563.68
2020-12-13,280868.20,282718.24,65958431.88
2020-12-14,268341.00,280884.50,66226772.88
2020-12-15,263024.19,277826.73,66489797.07
2020-12-16,295262.91,278744.79,66785059.98
2020-12-17,296292.09,281749.79,67081352.07
2020-12-18,282801.59,281055.40,67364153.66
2020-12-19,278811.89,280771.70,67642965.55
2020-12-20,274591.82,279875.07,67917557.37
2020-12-21,304995.88,285111.48,68222553.25
2020-12-22,275119.18,286839.34,68497672.43
2020-12-23,301503.32,287730.82,68799175.75
2020-12-24,284103.10,285989.54,69083278.85
2020-12-25,315290.86,290630.86,69398569.71
2020-12-26,300647.46,293750.23,69699217.17
2020-12-27,297847.43,297072.46,69997064.60
2020-12-28,294439.82,295564.45,70291504.42
2020-12-29,291647.15,297925.59,70583151.57
2020-12-30,296370.24,297192.29,70879521.81
2020-12-31,289389.74,297947.53,71168911.55
2021-01-01,307406.46,296821.19,71476318.01
2021-01-02,303370.07,297210.13,71779688.08
2021-01-03,282351.43,294996.42,72062039.51
2021-01-04,300250.30,295826.48,72362289.81
2021-01-05,328830.25,301138.36,72691120.06
2021-01-06,297375.65,301281.99,72988495.71
2021-01-07,310697.46,304325.95,73299193.17
2021-01-08,284119.82,300999.28,73583312.99
2021-01-09,290894.69,299217.09,73874207.68
2021-01-10,306064.99,302604.74,74180272.67
2021-01-11,318193.75,305168.09,74498466.42
2021-01-12,304912.61,301751.28,74803379.03
2021-01-13,300373.51,302179.55,75103752.54
2021-01-14,284103.49,298380.41,75387856.03
2021-01-15,293705.74,299749.83,75681561.77
2021-01-16,311521.84,302696.56,75993083.61
2021-01-17,293329.12,300877.15,76286412.73
2021-01-18,303657.95,298800.61,76590070.68
2021-01-19,318342.37,300719.15,76908413.05
2021-01-20,310038.21,302099.82,77218451.26
2021-01-21,313237.54,306261.82,77531688.80
2021-01-22,321262.65,310198.53,77852951.45
2021-01-23,324662.97,312075.83,78177614.42
2021-01-24,298807.68,312858.48,78476422.10
2021-01-25,297426.61,311968.29,78773848.71
2021-01-26,319945.30,312197.28,79093794.01
2021-01-27,289077.85,309202.94,79382871.86
2021-01-28,327769.16,311278.89,79710641.02
2021-01-29,308399.61,309441.31,80019040.63
2021-01-30,315514.00,308134.32,80334554.63
2021-01-31,329766.56,312557.01,80664321.19
2021-02-01,319543.01,315716.50,80983864.20
2021-02-02,316098.59,315166.97,81299962.79
2021-02-03,309655.23,318106.59,81609618.02
2021-02-04,333586.52,318937.65,81943204.54
2021-02-05,346321.58,324355.07,82289526.12
2021-02-06,335874.13,327263.66,82625400.25
2021-02-07,311895.71,324710.68,82937295.96
2021-02-08,315239.14,324095.84,83252535.10
2021-02-09,317699.10,324324.49,83570234.20
2021-02-10,328928.81,327077.86,83899163.01
2021-02-11,312966.18,324132.09,84212129.19
2021-02-12,311200.32,319114.77,84523329.51
2021-02-13,297242.45,313595.96,84820571.96
2021-02-14,327779.11,315865.02,85148351.07
2021-02-15,306129.67,314563.66,85454480.74
2021-02-16,313028.07,313896.37,85767508.81
2021-02-17,320601.78,312706.80,86088110.59
2021-02-18,316632.33,313230.53,86404742.92
2021-02-19,341862.72,317610.88,86746605.64
2021-02-20,320912.79,320992.35,87067518.43
2021-02-21,320712.89,319982.89,87388231.32
2021-02-22,339042.75,324684.76,87727274.07
2021-02-23,315340.90,325015.17,88042614.97
2021-02-24,355573.58,330011.14,88398188.55
2021-02-25,346249.07,334242.10,88744437.62
2021-02-26,329899.10,332533.01,89074336.72
2021-02-27,331356.39,334024.95,89405693.11
2021-02-28,315185.18,333235.28,89720878.29
2021-03-01,350203.65,334829.70,90071081.94
2021-03-02,333914.42,337483.06,90404996.36
2021-03-03,317939.55,332106.77,90722935.91
2021-03-04,319722.09,328317.20,91042658.00
2021-03-05,328485.32,328115.23,91371143.32
2021-03-06,344011.46,329923.10,91715154.78
2021-03-07,331932.25,332315.53,92047087.03
2021-03-08,326470.78,328925.12,92373557.81
2021-03-09,317177.17,326534.09,92690734.98
2021-03-10,333027.22,328689.47,93023762.20
2021-03-11,337274.72,331196.99,93361036.92
2021-03-12,326955.99,330978.51,93687992.91
2021-03-13,320261.48,327585.66,94008254.39
2021-03-14,324402.48,326509.98,94332656.87
2021-03-15,323759.98,326122.72,94656416.85
2021-03-16,318837.11,326359.85,94975253.96
2021-03-17,332814.94,326329.53,95308068.90
2021-03-18,325307.17,324619.88,95633376.07
2021-03-19,337383.54,326109.53,95970759.61
2021-03-20,317100.69,325657.99,96287860.30
2021-03-21,346435.63,328805.58,96634295.93
2021-03-22,344943.99,331831.87,96979239.92
2021-03-23,344538.67,335503.52,97323778.59
2021-03-24,337185.91,336127.94,97660964.50
2021-03-25,331106.47,336956.41,97992070.97
2021-03-26,346992.05,338329.06,98339063.02
2021-03-27,350201.93,343057.81,98689264.95
2021-03-28,360038.12,345001.02,99049303.07
2021-03-29,324167.13,342032.90,99373470.20
2021-03-30,336140.21,340833.12,99709610.41
2021-03-31,341965.97,341515.98,100051576.38
2021-04-01,317355.33,339551.53,100368931.71
2021-04-02,323704.83,336224.79,100692636.54
2021-04-03,356666.88,337148.35,101049303.42
2021-04-04,329784.04,332826.34,101379087.46
2021-04-05,329606.01,333603.32,101708693.47
2021-04-06,334184.13,333323.88,102042877.60
2021-04-07,334249.09,332221.47,102377126.69
2021-04-08,345791.89,336283.84,102722918.58
2021-04-09,337897.71,338311.39,103060816.29
2021-04-10,335036.05,335221.27,103395852.34
2021-04-11,365213.49,340282.62,103761065.83
2021-04-12,333679.80,340864.59,104094745.63
2021-04-13,337278.12,341306.59,104432023.75
2021-04-14,346187.09,343012.02,104778210.84
2021-04-15,372790.98,346869.03,105151001.82
2021-04-16,364086.26,350610.26,105515088.08
2021-04-17,310800.85,347148.08,105825888.93
2021-04-18,351749.47,345224.65,106177638.40
2021-04-19,349468.99,347480.25,106527107.39
2021-04-20,358058.50,350448.88,106885165.89
2021-04-21,348215.34,350738.63,107233381.23
2021-04-22,357850.87,348604.33,107591232.10
2021-04-23,342353.40,345499.63,107933585.50
2021-04-24,341838.37,349933.56,108275423.87
2021-04-25,345035.56,348974.43,108620459.43
2021-04-26,316315.42,344238.21,108936774.85
2021-04-27,364248.66,345122.52,109301023.51
2021-04-28,364111.13,347393.34,109665134.64
2021-04-29,346157.78,345722.90,110011292.42
2021-04-30,343945.14,345950.29,110355237.56
2021-05-01,360993.41,348686.73,110716230.97
2021-05-02,346155.31,348846.69,111062386.28
2021-05-03,369604.86,356459.47,111431991.14
2021-05-04,349182.42,354307.15,111781173.56
2021-05-05,362445.68,354069.23,112143619.24
2021-05-06,333191.82,352216.95,112476811.06
2021-05-07,357010.96,354083.49,112833822.02
2021-05-08,352849.07,352920.02,113186671.09
2021-05-09,345290.89,352796.53,113531961.98
2021-05-10,357769.33,351105.74,113889731.31
2021-05-11,365138.09,353385.12,114254869.40
2021-05-12,326226.03,348210.88,114581095.43
2021-05-13,354085.51,351195.70,114935180.94
2021-05-14,344106.47,349352.20,115279287.41
2021-05-15,343330.99,347992.47,115622618.40
2021-05-16,338149.93,346972.34,115960768.33
2021-05-17,376759.15,349685.17,116337527.48
2021-05-18,346219.12,346982.46,116683746.60
2021-05-19,380961.61,354801.83,117064708.21
2021-05-20,324194.43,350531.67,117388902.64
2021-05-21,369516.86,354161.73,117758419.50
2021-05-22,349962.54,355109.09,118108382.04
2021-05-23,363625.91,358748.52,118472007.95
2021-05-24,380150.30,359232.97,118852158.25
2021-05-25,361185.18,361370.98,119213343.43
2021-05-26,363975.87,358944.44,119577319.30
2021-05-27,359361.01,363968.24,119936680.31
2021-05-28,371191.77,364207.51,120307872.08
2021-05-29,358851.65,365477.38,120666723.73
2021-05-30,367304.69,366002.92,121034028.42
2021-05-31,368154.60,364289.25,121402183.02
2021-06-01,358931.05,363967.23,121761114.07
2021-06-02,364286.19,364011.57,122125400.26
2021-06-03,347852.66,362367.52,122473252.92
2021-06-04,366864.62,361749.35,122840117.54
2021-06-05,358491.77,361697.94,123198609.31
2021-06-06,382439.20,363860.01,123581048.51
2021-06-07,360739.76,362800.75,123941788.27
2021-06-08,386960.30,366804.93,124328748.57
2021-06-09,348813.79,364594.59,124677562.36
2021-06-10,385087.65,369913.87,125062650.01
2021-06-11,331098.07,364804.36,125393748.08
2021-06-12,348768.56,363415.33,125742516.64
2021-06-13,341343.41,357544.51,126083860.05
2021-06-14,367585.26,358522.43,126451445.31
2021-06-15,371117.15,356259.13,126822562.46
2021-06-16,358582.96,357654.72,127181145.42
2021-06-17,368496.64,355284.58,127549642.06
2021-06-18,357423.88,359045.41,127907065.94
2021-06-19,368444.31,361856.23,128275510.25
2021-06-20,345423.99,362439.17,128620934.24
2021-06-21,368752.69,362605.95,128989686.93
2021-06-22,386359.88,364783.48,129376046.81
2021-06-23,358446.01,364763.91,129734492.82
2021-06-24,362529.51,363911.47,130097022.33
2021-06-25,326248.52,359457.84,130423270.85
2021-06-26,343757.11,355931.10,130767027.96
2021-06-27,337928.27,354860.28,131104956.23
2021-06-28,373694.89,355566.31,131478651.12
2021-06-29,362236.55,352120.12,131840887.67
2021-06-30,374241.23,354376.58,132215128.90
2021-07-01,353314.03,353060.09,132568442.93
2021-07-02,372106.19,359611.18,132940549.12
2021-07-03,371877.60,363628.39,133312426.72
2021-07-04,364866.21,367476.67,133677292.93
2021-07-05,358213.41,365265.03,134035506.34
2021-07-06,394498.30,369873.85,134430004.64
2021-07-07,361182.30,368008.29,134791186.94
2021-07-08,368304.55,370149.79,135159491.49
2021-07-09,362675.90,368802.61,135522167.39
2021-07-10,389250.04,371284.39,135911417.43
2021-07-11,377821.00,373135.07,136289238.43
2021-07-12,359147.82,373268.56,136648386.25
2021-07-13,368736.39,369588.29,137017122.64
2021-07-14,393638.17,374224.84,137410760.81
2021-07-15,363857.75,373589.58,137774618.56
2021-07-16,395398.35,378264.22,138170016.91
2021-07-17,361912.53,374358.86,138531929.44
2021-07-18,375998.87,374098.55,138907928.31
2021-07-19,372238.04,375968.59,139280166.35
2021-07-20,376088.28,377018.86,139656254.63
2021-07-21,390842.53,376619.48,140047097.16
2021-07-22,368833.74,377330.33,140415930.90
2021-07-23,392635.11,376935.59,140808566.01
2021-07-24,366168.15,377543.53,141174734.16
2021-07-25,374611.90,377345.39,141549346.06
2021-07-26,347652.66,373833.20,141896998.72
2021-07-27,394981.80,376532.27,142291980.52
2021-07-28,368633.50,373359.55,142660614.02
2021-07-29,374390.49,374153.37,143035004.51
2021-07-30,377376.08,371973.51,143412380.59
2021-07-31,366795.84,372063.18,143779176.43
2021-08-01,388045.06,373982.20,144167221.49
2021-08-02,361704.56,375989.62,144528926.05
2021-08-03,378494.34,373634.27,144907420.39
2021-08-04,386644.79,376207.31,145294065.18
2021-08-05,389617.54,378382.60,145683682.72
2021-08-06,386150.76,379636.13,146069833.48
2021-08-07,365967.65,379517.81,146435801.13
2021-08-08,358133.49,375244.73,146793934.62
2021-08-09,360900.05,375129.80,147154834.67
2021-08-10,383604.62,375859.84,147538439.29
2021-08-11,383284.29,375379.77,147921723.58
2021-08-12,371573.43,372802.04,148293297.01
2021-08-13,357215.95,368668.50,148650512.96
2021-08-14,374410.47,369874.61,149024923.43
2021-08-15,385363.44,373764.61,149410286.87
2021-08-16,391294.55,378106.68,149801581.42
2021-08-17,370007.65,376164.25,150171589.07
2021-08-18,386400.52,376609.43,150557989.59
2021-08-19,369236.59,376275.60,150927226.18
2021-08-20,386431.58,380449.26,151313657.76
2021-08-21,366574.45,379329.83,151680232.21
2021-08-22,370683.38,377232.67,152050915.59
2021-08-23,372404.48,374534.09,152423320.07
2021-08-24,377024.68,375536.53,152800344.75
2021-08-25,393407.99,376537.59,153193752.74
2021-08-26,374169.79,377242.34,153567922.53
2021-08-27,373675.89,375420.09,153941598.42
2021-08-28,385506.76,378124.71,154327105.18
2021-08-29,378323.45,379216.15,154705428.63
2021-08-30,367666.28,378539.26,155073094.91
2021-08-31,402668.81,382202.71,155475763.72
2021-09-01,406156.29,384023.90,155881920.01
2021-09-02,401618.74,387945.17,156283538.75
2021-09-03,383606.77,389363.87,156667145.52
2021-09-04,372019.38,387437.10,157039164.90
2021-09-05,403123.89,390980.02,157442288.79
2021-09-06,392330.05,394503.42,157834618.84
2021-09-07,374705.69,390508.69,158209324.53
2021-09-08,382167.05,387081.65,158591491.58
2021-09-09,373297.30,383035.73,158964788.88
2021-09-10,375201.93,381835.04,159339990.81
2021-09-11,387821.75,384092.52,159727812.56
2021-09-12,396812.26,383190.86,160124624.82
2021-09-13,380654.11,381522.87,160505278.93
2021-09-14,402576.16,385504.37,160907855.09
2021-09-15,377045.37,384772.70,161284900.46
2021-09-16,374776.89,384984.07,161659677.35
2021-09-17,398821.08,388358.23,162058498.43
2021-09-18,422075.68,393251.65,162480574.11
2021-09-19,359238.38,387883.95,162839812.49
2021-09-20,376376.76,387272.90,163216189.25
2021-09-21,403104.84,387348.43,163619294.09
2021-09-22,389715.63,389158.47,164009009.72
2021-09-23,389060.27,391198.95,164398069.99
2021-09-24,387412.85,389569.20,164785482.84
2021-09-25,400599.66,386501.20,165186082.50
2021-09-26,401632.55,392557.51,165587715.05
2021-09-27,397677.40,395600.46,165985392.45
2021-09-28,394109.02,394315.34,166379501.47
2021-09-29,380178.18,392952.85,166759679.65
2021-09-30,386609.49,392602.74,167146289.14
2021-10-01,389118.91,392846.46,167535408.05
2021-10-02,357692.20,386716.82,167893100.25
2021-10-03,373916.86,382757.44,168267017.11
2021-10-04,390401.41,381718.01,168657418.52
2021-10-05,399001.96,382417.00,169056420.48
2021-10-06,385157.92,383128.39,169441578.40
2021-10-07,403419.56,385529.83,169844997.96
2021-10-08,382716.00,384615.13,170227713.96
2021-10-09,366901.69,385930.77,170594615.65
2021-10-10,408895.59,390927.73,171003511.24
2021-10-11,395378.40,391638.73,171398889.64
2021-10-12,372271.42,387820.08,171771161.06
2021-10-13,391512.77,388727.92,172162673.83
2021-10-14,382186.34,385694.60,172544860.17
2021-10-15,392431.11,387082.47,172937291.28
2021-10-16,391244.71,390560.05,173328535.99
2021-10-17,398489.66,389073.49,173727025.65
2021-10-18,388771.71,388129.67,174115797.36
2021-10-19,404325.80,392708.87,174520123.16
2021-10-20,381934.49,391340.55,174902057.65
2021-10-21,390303.42,392500.13,175292361.07
2021-10-22,401301.37,393767.31,175693662.44
2021-10-23,412975.77,396871.75,176106638.21
2021-10-24,389685.02,395613.94,176496323.23
2021-10-25,371540.84,393152.39,176867864.07
2021-10-26,383647.05,390198.28,177251511.12
2021-10-27,409473.34,394132.40,177660984.46
2021-10-28,421740.15,398623.36,178082724.61
2021-10-29,405188.27,399178.63,178487912.88
2021-10-30,391009.38,396040.58,178878922.26
2021-10-31,416863.54,399923.22,179295785.80
2021-11-01,387870.01,402255.96,179683655.81
2021-11-02,382596.87,402105.94,180066252.68
2021-11-03,401209.62,400925.41,180467462.30
2021-11-04,389996.07,396390.54,180857458.37
2021-11-05,398857.16,395486.09,181256315.53
2021-11-06,382918.44,394330.24,181639233.97
2021-11-07,377118.26,388652.35,182016352.23
2021-11-08,391693.71,389198.59,182408045.94
2021-11-09,414148.16,393705.92,182822194.10
2021-11-10,406279.91,394430.24,183228474.01
2021-11-11,424805.83,399403.07,183653279.84
2021-11-12,416200.73,401880.72,184069480.57
2021-11-13,407226.84,405353.35,184476707.41
2021-11-14,387360.62,406816.54,184864068.03
2021-11-15,402147.18,408309.90,185266215.21
2021-11-16,401856.84,406553.99,185668072.05
2021-11-17,410952.87,407221.56,186079024.92
2021-11-18,404122.15,404266.75,186483147.07
2021-11-19,403965.38,402518.84,186887112.45
2021-11-20,396254.53,400951.37,187283366.98
2021-11-21,390647.48,401420.92,187674014.46
2021-11-22,373303.85,397300.44,188047318.31
2021-11-23,410450.68,398528.13,188457768.99
2021-11-24,406803.42,397935.36,188864572.41
2021-11-25,401634.60,397579.99,189266207.01
2021-11-26,370884.89,392854.21,189637091.90
2021-11-27,401299.33,393574.89,190038391.23
2021-11-28,416275.68,397236.06,190454666.91
2021-11-29,395195.00,400363.37,190849861.91
2021-11-30,398562.20,398665.02,191248424.11
2021-12-01,405221.21,398438.99,191653645.32
2021-12-02,381208.62,395520.99,192034853.94
2021-12-03,391609.49,398481.65,192426463.43
2021-12-04,414947.91,400431.44,192841411.34
2021-12-05,383908.62,395807.58,193225319.96
2021-12-06,389472.16,394990.03,193614792.12
2021-12-07,397054.34,394774.62,194011846.46
2021-12-08,415413.48,396230.66,194427259.94
2021-12-09,399854.05,398894.29,194827113.99
2021-12-10,401927.43,400368.28,195229041.42
2021-12-11,408841.91,399496.00,195637883.33
2021-12-12,387158.77,399960.31,196025042.10
2021-12-13,417875.45,404017.92,196442917.55
2021-12-14,379360.67,401490.25,196822278.22
2021-12-15,411520.41,400934.10,197233798.63
2021-12-16,386267.88,398993.22,197620066.51
2021-12-17,375092.63,395159.67,197995159.14
2021-12-18,390041.37,392473.88,198385200.51
2021-12-19,410209.03,395766.78,198795409.54
2021-12-20,394692.60,392454.94,199190102.14
2021-12-21,404706.46,396075.77,199594808.60
2021-12-22,393340.29,393478.61,199988148.89
2021-12-23,365633.52,390530.84,200353782.41
2021-12-24,391005.21,392804.07,200744787.62
2021-12-25,379061.97,391235.58,201123849.59
2021-12-26,413882.87,391760.42,201537732.46
2021-12-27,409026.13,393808.06,201946758.59
2021-12-28,375791.21,389677.31,202322549.80
2021-12-29,408402.72,391829.09,202730952.52
2021-12-30,398106.66,396468.11,203129059.18
2021-12-31,397073.87,397335.06,203526133.05
2022-01-01,387486.53,398538.57,203913619.58
2022-01-02,387396.78,394754.84,204301016.36
2022-01-03,424217.07,396924.98,204725233.43
2022-01-04,390130.97,398973.51,205115364.40
2022-01-05,381863.19,395182.15,205497227.59
2022-01-06,368177.50,390906.56,205865405.09
2022-01-07,397065.93,390905.42,206262471.02
2022-01-08,382493.32,390192.11,206644964.34
2022-01-09,412314.62,393751.80,207057278.96
2022-01-10,404794.57,390977.16,207462073.53
2022-01-11,423569.85,395754.14,207885643.38
2022-01-12,421253.48,401381.32,208306896.86
2022-01-13,417262.03,408393.40,208724158.89
2022-01-14,374574.01,405180.27,209098732.90
2022-01-15,408264.48,408861.86,209506997.38
2022-01-16,375704.05,403631.78,209882701.43
2022-01-17,412081.83,404672.82,210294783.26
2022-01-18,401678.12,401545.43,210696461.38
2022-01-19,377437.10,395285.95,211073898.48
2022-01-20,404811.44,393507.29,211478709.92
2022-01-21,394175.33,396307.48,211872885.25
2022-01-22,402955.61,395549.07,212275840.86
2022-01-23,375251.24,395484.38,212651092.10
2022-01-24,409998.72,395186.79,213061090.82
2022-01-25,388493.14,393303.23,213449583.96
2022-01-26,422755.85,399777.33,213872339.81
2022-01-27,404862.79,399784.67,214277202.60
2022-01-28,401203.71,400788.72,214678406.31
2022-01-29,411086.35,401950.26,215089492.66
2022-01-30,395645.88,404863.78,215485138.54
2022-01-31,391586.05,402233.40,215876724.59
2022-02-01,431405.06,408363.67,216308129.65
2022-02-02,405635.65,405917.93,216713765.30
2022-02-03,398714.13,405039.55,217112479.43
2022-02-04,390235.93,403472.72,217502715.36
2022-02-05,391677.71,400700.06,217894393.07
2022-02-06,386428.95,399383.35,218280822.02
2022-02-07,423830.64,403989.72,218704652.66
2022-02-08,395872.12,398913.59,219100524.78
2022-02-09,401535.69,398327.88,219502060.47
2022-02-10,392599.11,397454.31,219894659.58
2022-02-11,393650.06,397942.04,220288309.64
2022-02-12,366421.68,394334.04,220654731.32
2022-02-13,409435.74,397620.72,221064167.06
2022-02-14,389914.50,392775.56,221454081.56
2022-02-15,381091.29,390664.01,221835172.85
2022-02-16,388415.74,388789.73,222223588.59
2022-02-17,399647.11,389796.59,222623235.70
2022-02-18,383476.55,388343.23,223006712.25
2022-02-19,403666.25,393663.88,223410378.50
2022-02-20,403224.79,392776.60,223813603.29
2022-02-21,405633.50,395022.18,224219236.79
2022-02-22,394222.43,396898.05,224613459.22
2022-02-23,396345.33,398030.85,225009804.55
2022-02-24,403852.46,398631.62,225413657.01
2022-02-25,425546.34,404641.59,225839203.35
2022-02-26,411540.80,405766.52,226250744.15
2022-02-27,406475.99,406230.98,226657220.14
2022-02-28,422339.32,408617.52,227079559.46
2022-03-01,376268.08,406052.62,227455827.54
2022-03-02,404124.02,407163.86,227859951.56
2022-03-03,405705.51,407428.58,228265657.07
2022-03-04,377617.12,400581.55,228643274.19
2022-03-05,378771.52,395900.22,229022045.71
2022-03-06,368972.02,390542.51,229391017.73
2022-03-07,386621.31,385439.94,229777639.04
2022-03-08,383144.48,386422.28,230160783.52
2022-03-09,391859.47,384670.20,230552642.99
2022-03-10,404392.70,384482.66,230957035.69
2022-03-11,390597.93,386337.06,231347633.62
2022-03-12,382758.48,386906.63,231730392.10
2022-03-13,368064.40,386776.97,232098456.50
2022-03-14,386751.46,386795.56,232485207.96
2022-03-15,380480.98,386415.06,232865688.94
2022-03-16,387854.42,385842.91,233253543.36
2022-03-17,383638.10,382877.97,233637181.46
2022-03-18,380929.85,381496.81,234018111.31
2022-03-19,403861.21,384511.49,234421972.52
2022-03-20,403604.31,389588.62,234825576.83
2022-03-21,378072.57,388348.78,235203649.40
2022-03-22,387005.94,389280.91,235590655.34
2022-03-23,411894.39,392715.20,236002549.73
2022-03-24,368739.83,390586.87,236371289.56
2022-03-25,387417.35,391513.66,236758706.91
2022-03-26,399629.45,390909.12,237158336.36
2022-03-27,417936.86,392956.63,237576273.22
2022-03-28,397506.91,395732.96,237973780.13
2022-03-29,377904.84,394432.80,238351684.97
2022-03-30,387871.58,391000.97,238739556.55
2022-03-31,377199.70,392209.53,239116756.25
2022-04-01,380763.76,391259.01,239497520.01
2022-04-02,382058.98,388748.95,239879578.99
2022-04-03,426547.93,389979.10,240306126.92
2022-04-04,376993.66,387048.64,240683120.58
2022-04-05,377436.60,386981.74,241060557.18
2022-04-06,385025.21,386575.12,241445582.39
2022-04-07,394445.36,389038.79,241840027.75
2022-04-08,382004.65,389216.06,242222032.40
2022-04-09,399275.25,391675.52,242621307.65
2022-04-10,399536.28,387816.72,243020843.93
2022-04-11,399943.53,391095.27,243420787.46
2022-04-12,386713.83,392420.59,243807501.29
2022-04-13,403406.56,395046.49,244210907.85
2022-04-14,384867.55,393678.24,244595775.40
2022-04-15,404029.66,396824.67,244999805.06
2022-04-16,385038.83,394790.89,245384843.89
2022-04-17,394010.99,394001.56,245778854.88
2022-04-18,390790.69,392694.02,246169645.57
2022-04-19,408227.87,395767.45,246577873.44
2022-04-20,410485.25,396778.69,246988358.69
2022-04-21,392639.31,397888.94,247380998.00
2022-04-22,387529.65,395531.80,247768527.65
2022-04-23,359126.55,391830.04,248127654.20
2022-04-24,406361.80,393594.45,248534016.00
2022-04-25,374136.29,391215.25,248908152.29
2022-04-26,368454.11,385533.28,249276606.40
2022-04-27,364256.96,378929.24,249640863.36
2022-04-28,371044.70,375844.29,250011908.06
2022-04-29,381571.27,374993.10,250393479.33
2022-04-30,403403.09,381318.32,250796882.42
2022-05-01,399582.73,380349.88,251196465.15
2022-05-02,396321.30,383519.17,251592786.45
2022-05-03,398879.59,387865.66,251991666.04
2022-05-04,380537.15,390191.40,252372203.19
2022-05-05,378795.20,391298.62,252750998.39
2022-05-06,384234.96,391679.15,253135233.35
2022-05-07,408301.54,392378.92,253543534.89
2022-05-08,367485.77,387793.64,253911020.66
2022-05-09,401528.61,388537.55,254312549.27
2022-05-10,388590.98,387067.74,254701140.25
2022-05-11,354991.16,383418.32,255056131.41
2022-05-12,392947.17,385440.03,255449078.58
2022-05-13,396176.61,387145.98,255845255.19
2022-05-14,370226.63,381706.70,256215481.82
2022-05-15,394367.99,385547.02,256609849.81
2022-05-16,335180.97,376068.79,256945030.78
2022-05-17,385892.07,375683.23,257330922.85
2022-05-18,354084.14,375553.65,257685006.99
2022-05-19,375770.97,373099.91,258060777.96
2022-05-20,372033.70,369650.92,258432811.66
2022-05-21,368278.41,369372.61,258801090.07
2022-05-22,384408.70,367949.85,259185498.77
2022-05-23,380554.63,374431.80,259566053.40
2022-05-24,378667.83,373399.77,259944721.23
2022-05-25,366655.50,375195.68,260311376.73
2022-05-26,364528.14,373589.56,260675904.87
2022-05-27,373875.24,373852.64,261049780.11
2022-05-28,384197.75,376126.83,261433977.86
2022-05-29,378072.15,375221.61,261812050.01
2022-05-30,389929.33,376560.85,262201979.34
2022-05-31,357983.50,373605.94,262559962.84
2022-06-01,378551.56,375305.38,262938514.40
2022-06-02,382508.74,377874.04,263321023.14
2022-06-03,367477.16,376960.03,263688500.30
2022-06-04,369645.75,374881.17,264058146.05
2022-06-05,353694.72,371398.68,264411840.77
2022-06-06,383499.55,370480.14,264795340.32
2022-06-07,356832.97,370315.78,265152173.29
2022-06-08,370915.49,369224.91,265523088.78
2022-06-09,406380.88,372635.22,265929469.66
2022-06-10,373919.77,373555.59,266303389.43
2022-06-11,353610.57,371264.85,266657000.00
2022-06-12,374748.16,374272.48,267031748.16
2022-06-13,386760.46,374738.33,267418508.62
2022-06-14,384675.11,378715.78,267803183.73
2022-06-15,366418.12,378073.30,268169601.85
2022-06-16,375227.27,373622.78,268544829.12
2022-06-17,393229.09,376381.25,268938058.21
2022-06-18,378316.55,379910.68,269316374.76
2022-06-19,376237.52,380123.45,269692612.28
2022-06-20,370711.90,377830.79,270063324.18
2022-06-21,375228.20,376481.24,270438552.38
2022-06-22,368100.09,376721.52,270806652.47
2022-06-23,379064.97,377269.76,271185717.44
2022-06-24,358635.40,372327.80,271544352.84
2022-06-25,373965.08,371706.17,271918317.92
2022-06-26,368072.60,370539.75,272286390.52
2022-06-27,370542.79,370515.59,272656933.31
2022-06-28,355852.37,367747.61,273012785.68
2022-06-29,368472.04,367800.75,273381257.72
2022-06-30,343437.48,362711.11,273724695.20
2022-07-01,374308.11,364950.07,274099003.31
2022-07-02,361113.73,363114.16,274460117.04
2022-07-03,346252.51,359997.00,274806369.55
2022-07-04,372071.26,360215.36,275178440.81
2022-07-05,343106.01,358394.45,275521546.82
2022-07-06,363158.57,357635.38,275884705.39
2022-07-07,364392.98,360629.02,276249098.37
2022-07-08,338063.75,355451.26,276587162.12
2022-07-09,340135.21,352454.33,276927297.33
2022-07-10,344676.28,352229.15,277271973.61
2022-07-11,357273.95,350115.25,277629247.56
2022-07-12,358573.59,352324.90,277987821.15
2022-07-13,364433.24,352507.00,278352254.39
2022-07-14,392821.96,356568.28,278745076.35
2022-07-15,351914.38,358546.94,279096990.73
2022-07-16,329439.44,357018.98,279426430.17
2022-07-17,370529.92,360712.35,279796960.09
2022-07-18,366664.51,362053.86,280163624.60
2022-07-19,344016.64,359974.30,280507641.24
2022-07-20,360323.11,359387.14,280867964.35
2022-07-21,366425.61,355616.23,281234389.96
2022-07-22,362197.22,357085.21,281596587.18
2022-07-23,378389.49,364078.07,281974976.67
2022-07-24,366831.85,363549.78,282341808.52
2022-07-25,359344.92,362504.12,282701153.44
2022-07-26,363200.66,365244.69,283064354.10
2022-07-27,364658.46,365864.03,283429012.56
2022-07-28,352552.24,363882.12,283781564.80
2022-07-29,344766.91,361392.08,284126331.71
2022-07-30,377913.24,361324.04,284504244.95
2022-07-31,342189.89,357803.76,284846434.84
2022-08-01,374585.58,359981.00,285221020.42
2022-08-02,369257.38,360846.24,285590277.80
2022-08-03,352177.92,359063.31,285942455.72
2022-08-04,348957.39,358549.76,286291413.11
2022-08-05,349788.26,359267.09,286641201.37
2022-08-06,388364.14,360760.08,287029565.51
2022-08-07,364606.48,363962.45,287394171.99
2022-08-08,362134.15,362183.67,287756306.14
2022-08-09,341585.47,358230.54,288097891.61
2022-08-10,342800.55,356890.92,288440692.16
2022-08-11,340598.30,355696.76,288781290.46
2022-08-12,343318.31,354772.49,289124608.77
2022-08-13,348043.45,349012.39,289472652.22
2022-08-14,344310.58,346112.97,289816962.80
2022-08-15,340633.78,343041.49,290157596.58
2022-08-16,344912.20,343516.74,290502508.78
2022-08-17,347548.53,344195.02,290850057.31
2022-08-18,347170.94,345133.97,291197228.25
2022-08-19,359260.11,347411.37,291556488.36
2022-08-20,339672.96,346215.59,291896161.32
2022-08-21,353544.16,347534.67,292249705.48
2022-08-22,340638.72,347535.37,292590344.20
2022-08-23,337471.03,346472.35,292927815.23
2022-08-24,356059.15,347688.15,293283874.38
2022-08-25,337854.50,346357.23,293621728.88
2022-08-26,358119.27,346194.26,293979848.15
2022-08-27,343325.21,346716.01,294323173.36
2022-08-28,309641.75,340444.23,294632815.11
2022-08-29,339245.24,340245.16,294972060.35
2022-08-30,363221.02,343923.73,295335281.37
2022-08-31,343250.78,342093.97,295678532.15
2022-09-01,351538.46,344048.82,296030070.61
2022-09-02,348868.03,342727.21,296378938.64
2022-09-03,363480.41,345606.53,296742419.05
2022-09-04,354763.02,352052.42,297097182.07
2022-09-05,380455.16,357939.55,297477637.23
2022-09-06,354411.82,356681.10,297832049.05
2022-09-07,336666.19,355740.44,298168715.24
2022-09-08,329010.68,352522.19,298497725.92
2022-09-09,374693.35,356211.52,298872419.27
2022-09-10,351663.97,354523.46,299224083.24
2022-09-11,353212.58,354301.96,299577295.82
2022-09-12,338871.77,348361.48,299916167.59
2022-09-13,313996.98,342587.93,300230164.57
2022-09-14,336236.19,342526.50,300566400.76
2022-09-15,319211.82,341126.67,300885612.58
2022-09-16,354189.53,338197.55,301239802.11
2022-09-17,332806.89,335503.68,301572609.00
2022-09-18,330636.02,332278.46,301903245.02
2022-09-19,360142.16,335317.08,302263387.18
2022-09-20,329463.26,337526.55,302592850.44
2022-09-21,336881.00,337618.67,302929731.44
2022-09-22,346085.54,341457.77,303275816.98
2022-09-23,321633.96,336806.98,303597450.94
2022-09-24,320504.53,335049.50,303917955.47
2022-09-25,346091.47,337257.42,304264046.94
2022-09-26,329118.50,332825.47,304593165.44
2022-09-27,341860.68,334596.53,304935026.12
2022-09-28,342783.06,335439.68,305277809.18
2022-09-29,329942.96,333133.59,305607752.14
2022-09-30,349046.09,337049.61,305956798.23
2022-10-01,342788.54,340233.04,306299586.77
2022-10-02,325192.33,337247.45,306624779.10
2022-10-03,337663.51,338468.17,306962442.61
2022-10-04,320802.76,335459.89,307283245.37
2022-10-05,365989.19,338775.05,307649234.56
2022-10-06,320165.95,337378.34,307969400.51
2022-10-07,342978.53,336511.54,308312379.04
2022-10-08,334214.33,335286.66,308646593.37
2022-10-09,327729.11,335649.05,308974322.48
2022-10-10,344381.14,336608.72,309318703.62
2022-10-11,321508.65,336709.56,309640212.27
2022-10-12,318618.95,329942.38,309958831.22
2022-10-13,328647.61,331154.05,310287478.83
2022-10-14,327995.65,329013.63,310615474.48
2022-10-15,333420.77,328900.27,310948895.25
2022-10-16,325426.85,328571.37,311274322.10
2022-10-17,333418.27,327005.25,311607740.37
2022-10-18,323248.32,327253.77,311930988.69
2022-10-19,320451.42,327515.56,312251440.11
2022-10-20,320275.41,326319.53,312571715.52
2022-10-21,321743.04,325426.30,312893458.56
2022-10-22,317877.49,323205.83,313211336.05
2022-10-23,302031.66,319863.66,313513367.71
2022-10-24,349120.49,322106.83,313862488.20
2022-10-25,343000.56,324928.58,314205488.76
2022-10-26,343797.34,328263.71,314549286.10
2022-10-27,311228.00,326971.23,314860514.10
2022-10-28,319947.45,326714.71,315180461.55
2022-10-29,338468.07,329656.22,315518929.62
2022-10-30,308518.27,330582.88,315827447.89
2022-10-31,308680.56,324805.75,316136128.45
2022-11-01,327201.26,322548.71,316463329.71
2022-11-02,314666.93,318387.22,316777996.64
2022-11-03,314637.51,318874.29,317092634.15
2022-11-04,314354.99,318075.37,317406989.14
2022-11-05,320954.43,315573.42,317727943.57
2022-11-06,308183.55,315525.60,318036127.12
2022-11-07,313696.26,316242.13,318349823.38
2022-11-08,326638.17,316161.69,318676461.55
2022-11-09,328220.05,318097.85,319004681.60
2022-11-10,327394.52,319920.28,319332076.12
2022-11-11,298849.09,317705.15,319630925.21
2022-11-12,296904.20,314269.41,319927829.41
2022-11-13,287519.05,311317.33,320215348.46
2022-11-14,315662.47,311598.22,320531010.93
2022-11-15,310142.09,309241.64,320841153.02
2022-11-16,308879.46,306478.70,321150032.48
2022-11-17,297707.61,302237.71,321447740.09
2022-11-18,304028.20,302977.58,321751768.29
2022-11-19,325637.81,307082.38,322077406.10
2022-11-20,294623.99,308097.38,322372030.09
2022-11-21,319747.12,308680.90,322691777.21
2022-11-22,310030.45,308664.95,323001807.66
2022-11-23,294274.94,306578.59,323296082.60
2022-11-24,303681.44,307431.99,323599764.04
2022-11-25,313193.90,308741.38,323912957.94
2022-11-26,322605.42,308308.18,324235563.36
2022-11-27,326485.20,312859.78,324562048.56
2022-11-28,309149.42,311345.82,324871197.98
2022-11-29,309456.76,311263.87,325180654.74
2022-11-30,325871.72,315777.69,325506526.46
2022-12-01,305608.93,316053.05,325812135.39
2022-12-02,305097.58,314896.43,326117232.97
2022-12-03,302081.67,311964.47,326419314.64
2022-12-04,331560.07,312689.45,326750874.71
2022-12-05,297562.80,311034.22,327048437.51
2022-12-06,330379.12,314023.13,327378816.63
2022-12-07,325575.35,313980.79,327704391.98
2022-12-08,334652.01,318129.80,328039043.99
2022-12-09,307734.77,318506.54,328346778.76
2022-12-10,314562.95,320289.58,328661341.71
2022-12-11,304269.00,316390.86,328965610.71
2022-12-12,314746.93,318845.73,329280357.64
2022-12-13,319230.33,317253.05,329599587.97
2022-12-14,296659.47,313122.21,329896247.44
2022-12-15,287965.72,306452.74,330184213.16
2022-12-16,321631.49,308437.98,330505844.65
2022-12-17,299074.60,306225.36,330804919.25
2022-12-18,320095.11,308486.24,331125014.36
2022-12-19,319809.84,309209.51,331444824.20
2022-12-20,315945.87,308740.30,331760770.07
2022-12-21,320498.79,312145.92,332081268.86
2022-12-22,303771.97,314403.95,332385040.83
2022-12-23,313084.51,313182.96,332698125.34
2022-12-24,331565.67,317824.54,333029691.01
2022-12-25,330513.31,319312.85,333360204.32
2022-12-26,313920.35,318471.50,333674124.67
2022-12-27,315262.41,318373.86,333989387.08
2022-12-28,311972.04,317155.75,334301359.12
2022-12-29,345606.59,323132.13,334646965.71
2022-12-30,315080.02,323417.20,334962045.73
2022-12-31,402811.48,333595.17,335364857.21
